#Coefficient	Function	Scaling Factor(if exists)
[Intercept]	236.1980139788142
x1	2.004052577257479	Linear	
x2	Unused
x3	3.000130789411398	Exp	72
x4	5.013744484232015	Squared	
x5	6.9755695893557	Sqrt	
x6	7.981547225585388	Inverse	
#AIC=6889.991657255057
#BIC=6919.493913944013
#R^2=0.9999993173967806
