#Coefficient	Function	Scaling Factor(if exists)
[Intercept]	234.9874523478248
x1	2.0040926491956665	Linear	
x2		Unused
x3	3.000197881955086	Exp	71.99988532571598
x4	5.013743431780851	Squared	
x5	6.975574193892196	Sqrt	
x6	7.981545000736271	Inverse	
#AIC=6889.991870993149
#BIC=6919.494127682105
#R^2=0.9999993173964883
