#Coefficient	Function	Scaling Factor(if exists)
[Intercept]	672.6139539355333
x1	1.9809995268415912	Linear	
x2		Unused
x3	5.998002352610226	Linear	
x4	4.999317234880857	Squared	
x5	6.966777566449987	Sqrt	
x6	7.964315935421707	Inverse	
#AIC=6918.038970153257
#BIC=6943.32661874379
#R^2=0.9989524840006723
